0,1,2,3,4
EST-0001,2026-01-01,3534.68,inv-g-00001,JC-2601-0001
EST-0004,2026-01-01,10074.69,inv-g-00004,JC-2601-0004
EST-0005,2026-01-01,4060.94,inv-g-00005,JC-2601-0005
EST-0012,2026-01-02,11383.91,inv-g-00012,JC-2601-0012
EST-0013,2026-01-02,8931.6,inv-g-00013,JC-2601-0013
EST-0014,2026-01-02,11504.38,inv-g-00014,JC-2601-0014
EST-0015,2026-01-02,8975.05,inv-g-00015,JC-2601-0015
EST-0017,2026-01-02,8362.84,inv-g-00017,JC-2601-0017
EST-0020,2026-01-02,11451.97,inv-g-00020,JC-2601-0020
EST-0021,2026-01-02,3096.22,inv-g-00021,JC-2601-0021
EST-0023,2026-01-03,11061.98,inv-g-00023,JC-2601-0023
EST-0028,2026-01-03,5902.62,inv-g-00028,JC-2601-0028
EST-0029,2026-01-03,11024.02,inv-g-00029,JC-2601-0029
EST-0033,2026-01-03,5027.53,inv-g-00033,JC-2601-0033
EST-0034,2026-01-04,11351.43,inv-g-00034,JC-2601-0034
EST-0035,2026-01-04,9956.16,inv-g-00035,JC-2601-0035
EST-0036,2026-01-04,5965.82,inv-g-00036,JC-2601-0036
EST-0038,2026-01-04,2444.2,inv-g-00038,JC-2601-0038
EST-0039,2026-01-04,4818.87,inv-g-00039,JC-2601-0039
EST-0041,2026-01-04,7543.8,inv-g-00041,JC-2601-0041
EST-0042,2026-01-04,2890.36,inv-g-00042,JC-2601-0042
EST-0043,2026-01-04,10764.6,inv-g-00043,JC-2601-0043
EST-0048,2026-01-05,7910.4,,
EST-0049,2026-01-05,6584.54,inv-g-00049,JC-2601-0049
EST-0050,2026-01-05,8639.2,inv-g-00050,JC-2601-0050
EST-0055,2026-01-06,2509.57,inv-g-00055,JC-2601-0055
EST-0056,2026-01-06,6706.79,inv-g-00056,JC-2601-0056
EST-0058,2026-01-06,7652.49,inv-g-00058,JC-2601-0058
EST-0059,2026-01-06,4718.98,inv-g-00059,JC-2601-0059
EST-0062,2026-01-07,4498.86,inv-g-00062,JC-2601-0062
EST-0064,2026-01-07,3660.51,inv-g-00064,JC-2601-0064
EST-0066,2026-01-07,2079.4,inv-g-00066,JC-2601-0066
EST-0067,2026-01-07,10203.23,inv-g-00067,JC-2601-0067
EST-0069,2026-01-07,5762.98,inv-g-00069,JC-2601-0069
EST-0073,2026-01-08,3114.96,inv-g-00073,JC-2601-0073
EST-0075,2026-01-08,6631.92,inv-g-00075,JC-2601-0075
EST-0079,2026-01-08,2456.94,inv-g-00079,JC-2601-0079
EST-0082,2026-01-09,7698.0,inv-g-00082,JC-2601-0082
EST-0083,2026-01-09,11528.92,inv-g-00083,JC-2601-0083
EST-0085,2026-01-09,11941.68,inv-g-00085,JC-2601-0085
EST-0087,2026-01-09,3486.74,inv-g-00087,JC-2601-0087
EST-0090,2026-01-09,11274.72,inv-g-00090,JC-2601-0090
EST-0091,2026-01-10,11312.8,inv-g-00091,JC-2601-0091
EST-0092,2026-01-10,4732.37,inv-g-00092,JC-2601-0092
EST-0094,2026-01-10,6548.23,inv-g-00094,JC-2601-0094
EST-0100,2026-01-10,2902.11,inv-g-00100,JC-2601-0100
EST-0103,2026-01-11,10054.6,inv-g-00103,JC-2601-0103
EST-0109,2026-01-11,10686.66,inv-g-00109,JC-2601-0109
EST-0110,2026-01-11,10490.45,inv-g-00110,JC-2601-0110
EST-0114,2026-01-11,9869.24,inv-g-00114,JC-2601-0114
EST-0115,2026-01-12,8713.61,inv-g-00115,JC-2601-0115
EST-0116,2026-01-12,6193.59,inv-g-00116,JC-2601-0116
EST-0117,2026-01-12,8645.56,inv-g-00117,JC-2601-0117
EST-0118,2026-01-12,3897.52,inv-g-00118,JC-2601-0118
EST-0122,2026-01-12,7909.61,inv-g-00122,JC-2601-0122
EST-0126,2026-01-13,10154.71,inv-g-00126,JC-2601-0126
EST-0129,2026-01-13,11259.4,inv-g-00129,JC-2601-0129
EST-0130,2026-01-13,7002.14,inv-g-00130,JC-2601-0130
EST-0131,2026-01-13,10240.59,inv-g-00131,JC-2601-0131
EST-0133,2026-01-13,7934.78,inv-g-00133,JC-2601-0133
EST-0136,2026-01-14,9077.36,inv-g-00136,JC-2601-0136
EST-0138,2026-01-14,11329.43,inv-g-00138,JC-2601-0138
EST-0139,2026-01-14,10478.39,inv-g-00139,JC-2601-0139
EST-0141,2026-01-14,5135.75,inv-g-00141,JC-2601-0141
EST-0145,2026-01-14,7845.63,inv-g-00145,JC-2601-0145
EST-0147,2026-01-15,6517.5,inv-g-00147,JC-2601-0147
EST-0148,2026-01-15,6686.49,inv-g-00148,JC-2601-0148
EST-0149,2026-01-15,9857.07,inv-g-00149,JC-2601-0149
EST-0150,2026-01-15,2372.15,inv-g-00150,JC-2601-0150
EST-0153,2026-01-15,2337.89,inv-g-00153,JC-2601-0153
EST-0159,2026-01-16,5606.23,inv-g-00159,JC-2601-0159
EST-0161,2026-01-16,11738.11,inv-g-00161,JC-2601-0161
EST-0166,2026-01-16,5420.97,inv-g-00166,JC-2601-0166
EST-0170,2026-01-17,3850.1,inv-g-00170,JC-2601-0170
EST-0171,2026-01-17,6709.74,inv-g-00171,JC-2601-0171
EST-0172,2026-01-17,3235.99,inv-g-00172,JC-2601-0172
EST-0177,2026-01-17,4126.36,inv-g-00177,JC-2601-0177
EST-0182,2026-01-18,7359.39,inv-g-00182,JC-2601-0182
EST-0183,2026-01-18,2646.67,inv-g-00183,JC-2601-0183
EST-0186,2026-01-18,8415.08,inv-g-00186,JC-2601-0186
EST-0187,2026-01-18,5925.74,inv-g-00187,JC-2601-0187
EST-0188,2026-01-18,5493.12,inv-g-00188,JC-2601-0188
EST-0189,2026-01-18,8097.88,inv-g-00189,JC-2601-0189
EST-0195,2026-01-19,8476.02,inv-g-00195,JC-2601-0195
EST-0197,2026-01-19,7882.21,inv-g-00197,JC-2601-0197
EST-0198,2026-01-19,2322.64,inv-g-00198,JC-2601-0198
EST-0199,2026-01-19,5110.63,inv-g-00199,JC-2601-0199
EST-0200,2026-01-19,10457.56,inv-g-00200,JC-2601-0200
EST-0201,2026-01-19,5976.64,inv-g-00201,JC-2601-0201
EST-0203,2026-01-19,7400.35,,
EST-0204,2026-01-19,10240.77,inv-g-00204,JC-2601-0204
EST-0206,2026-01-20,2454.09,inv-g-00206,JC-2601-0206
EST-0209,2026-01-20,3879.27,inv-g-00209,JC-2601-0209
EST-0211,2026-01-20,11223.87,inv-g-00211,JC-2601-0211
EST-0212,2026-01-20,6130.61,inv-g-00212,JC-2601-0212
EST-0214,2026-01-20,2633.49,inv-g-00214,JC-2601-0214
EST-0219,2026-01-21,3353.15,inv-g-00219,JC-2601-0219
EST-0220,2026-01-21,7470.63,inv-g-00220,JC-2601-0220
EST-0221,2026-01-22,5106.16,inv-g-00221,JC-2601-0221
EST-0223,2026-01-22,10529.74,inv-g-00223,JC-2601-0223
EST-0224,2026-01-22,5327.38,inv-g-00224,JC-2601-0224
EST-0225,2026-01-22,4319.73,inv-g-00225,JC-2601-0225
EST-0227,2026-01-22,4001.45,inv-g-00227,JC-2601-0227
EST-0229,2026-01-23,2474.05,inv-g-00229,JC-2601-0229
EST-0230,2026-01-23,11208.12,inv-g-00230,JC-2601-0230
EST-0233,2026-01-23,8214.67,inv-g-00233,JC-2601-0233
EST-0237,2026-01-23,3563.54,inv-g-00237,JC-2601-0237
EST-0239,2026-01-23,7825.39,inv-g-00239,JC-2601-0239
EST-0241,2026-01-24,10538.55,inv-g-00241,JC-2601-0241
EST-0242,2026-01-24,7874.15,inv-g-00242,JC-2601-0242
EST-0245,2026-01-24,11001.61,,
EST-0246,2026-01-24,2739.28,inv-g-00246,JC-2601-0246
EST-0252,2026-01-25,5550.37,inv-g-00252,JC-2601-0252
EST-0256,2026-01-25,10238.77,inv-g-00256,JC-2601-0256
EST-0257,2026-01-25,11678.26,inv-g-00257,JC-2601-0257
EST-0259,2026-01-25,10378.22,inv-g-00259,JC-2601-0259
EST-0262,2026-01-26,7120.07,,
EST-0263,2026-01-26,4596.22,,
EST-0264,2026-01-26,2215.11,inv-g-00264,JC-2601-0264
EST-0271,2026-01-27,9430.78,inv-g-00271,JC-2601-0271
EST-0274,2026-01-28,7663.49,inv-g-00274,JC-2601-0274
EST-0277,2026-01-28,9253.62,inv-g-00277,JC-2601-0277
EST-0281,2026-01-28,6790.38,inv-g-00281,JC-2601-0281
EST-0284,2026-01-29,7692.54,inv-g-00284,JC-2601-0284
EST-0289,2026-01-30,2059.61,inv-g-00289,JC-2601-0289
EST-0291,2026-01-30,9262.59,inv-g-00291,JC-2601-0291
EST-0292,2026-01-30,4815.1,inv-g-00292,JC-2601-0292
EST-0293,2026-01-30,4275.98,inv-g-00293,JC-2601-0293
EST-0295,2026-01-31,3722.78,inv-g-00295,JC-2601-0295
EST-0296,2026-01-31,11801.02,inv-g-00296,JC-2601-0296
EST-0298,2026-01-31,11198.04,inv-g-00298,JC-2601-0298
EST-0299,2026-01-31,9139.28,inv-g-00299,JC-2601-0299
EST-0310,2026-02-01,7866.32,,
EST-0312,2026-02-01,2105.88,inv-g-00312,JC-2602-0312
EST-0315,2026-02-01,10050.29,inv-g-00315,JC-2602-0315
EST-0316,2026-02-02,11347.77,inv-g-00316,JC-2602-0316
EST-0320,2026-02-02,7267.69,inv-g-00320,JC-2602-0320
EST-0325,2026-02-03,8731.29,inv-g-00325,JC-2602-0325
EST-0327,2026-02-03,9716.16,,
EST-0328,2026-02-03,7478.28,,
EST-0330,2026-02-04,9558.47,inv-g-00330,JC-2602-0330
EST-0331,2026-02-04,4313.64,inv-g-00331,JC-2602-0331
EST-0333,2026-02-04,10929.71,inv-g-00333,JC-2602-0333
EST-0335,2026-02-04,11896.25,inv-g-00335,JC-2602-0335
EST-0337,2026-02-04,6022.52,inv-g-00337,JC-2602-0337
EST-0338,2026-02-04,9556.9,inv-g-00338,JC-2602-0338
EST-0346,2026-02-05,9995.29,inv-g-00346,JC-2602-0346
EST-0347,2026-02-05,2728.99,inv-g-00347,JC-2602-0347
EST-0350,2026-02-06,4099.49,inv-g-00350,JC-2602-0350
EST-0351,2026-02-06,5741.21,inv-g-00351,JC-2602-0351
EST-0352,2026-02-06,10617.96,inv-g-00352,JC-2602-0352
EST-0353,2026-02-06,10747.41,inv-g-00353,JC-2602-0353
EST-0354,2026-02-06,9513.52,inv-g-00354,JC-2602-0354
EST-0357,2026-02-06,6598.2,inv-g-00357,JC-2602-0357
EST-0358,2026-02-06,4668.41,inv-g-00358,JC-2602-0358
EST-0359,2026-02-06,3204.19,inv-g-00359,JC-2602-0359
EST-0363,2026-02-07,6912.79,inv-g-00363,JC-2602-0363
EST-0366,2026-02-07,11343.11,inv-g-00366,JC-2602-0366
EST-0367,2026-02-07,4550.1,inv-g-00367,JC-2602-0367
EST-0370,2026-02-07,3299.96,inv-g-00370,JC-2602-0370
EST-0371,2026-02-08,11477.74,inv-g-00371,JC-2602-0371
EST-0375,2026-02-08,4605.33,,
EST-0378,2026-02-08,6071.83,inv-g-00378,JC-2602-0378
EST-0380,2026-02-08,6363.01,inv-g-00380,JC-2602-0380
EST-0381,2026-02-09,5639.71,inv-g-00381,JC-2602-0381
EST-0383,2026-02-09,11223.97,inv-g-00383,JC-2602-0383
EST-0384,2026-02-09,9988.66,inv-g-00384,JC-2602-0384
EST-0390,2026-02-09,9195.96,inv-g-00390,JC-2602-0390
EST-0391,2026-02-09,6119.64,inv-g-00391,JC-2602-0391
EST-0392,2026-02-09,2584.81,inv-g-00392,JC-2602-0392
EST-0393,2026-02-10,10643.02,,
EST-0395,2026-02-10,4071.53,inv-g-00395,JC-2602-0395
EST-0396,2026-02-10,3604.37,inv-g-00396,JC-2602-0396
EST-0401,2026-02-11,9868.29,inv-g-00401,JC-2602-0401
EST-0404,2026-02-11,5495.87,inv-g-00404,JC-2602-0404
EST-0407,2026-02-11,9001.82,inv-g-00407,JC-2602-0407
EST-0408,2026-02-11,11437.53,inv-g-00408,JC-2602-0408
EST-0410,2026-02-12,10641.87,,
EST-0412,2026-02-12,2410.39,inv-g-00412,JC-2602-0412
EST-0413,2026-02-12,3891.46,inv-g-00413,JC-2602-0413
EST-0415,2026-02-12,8150.18,inv-g-00415,JC-2602-0415
EST-0417,2026-02-13,4082.33,inv-g-00417,JC-2602-0417
EST-0419,2026-02-13,3619.37,,
EST-0420,2026-02-13,11803.58,inv-g-00420,JC-2602-0420
EST-0421,2026-02-13,5780.45,inv-g-00421,JC-2602-0421
EST-0424,2026-02-13,9348.58,inv-g-00424,JC-2602-0424
EST-0425,2026-02-14,4191.68,inv-g-00425,JC-2602-0425
EST-0427,2026-02-14,9929.3,inv-g-00427,JC-2602-0427
EST-0428,2026-02-14,9504.27,inv-g-00428,JC-2602-0428
EST-0429,2026-02-14,4673.33,inv-g-00429,JC-2602-0429
EST-0430,2026-02-14,8805.96,inv-g-00430,JC-2602-0430
EST-0433,2026-02-14,3164.48,inv-g-00433,JC-2602-0433
EST-0437,2026-02-15,8319.66,inv-g-00437,JC-2602-0437
EST-0438,2026-02-15,2217.55,inv-g-00438,JC-2602-0438
EST-0439,2026-02-15,2314.18,inv-g-00439,JC-2602-0439
EST-0440,2026-02-15,2797.37,inv-g-00440,JC-2602-0440
EST-0441,2026-02-15,9450.02,inv-g-00441,JC-2602-0441
EST-0445,2026-02-15,10075.58,inv-g-00445,JC-2602-0445
EST-0447,2026-02-15,3109.05,inv-g-00447,JC-2602-0447
EST-0448,2026-02-15,2008.83,inv-g-00448,JC-2602-0448
EST-0451,2026-02-16,11233.33,inv-g-00451,JC-2602-0451
EST-0452,2026-02-16,9467.42,inv-g-00452,JC-2602-0452
EST-0453,2026-02-16,7796.64,inv-g-00453,JC-2602-0453
EST-0457,2026-02-16,5353.8,inv-g-00457,JC-2602-0457
EST-0459,2026-02-16,7985.84,inv-g-00459,JC-2602-0459
EST-0460,2026-02-16,4551.26,inv-g-00460,JC-2602-0460
EST-0461,2026-02-17,10602.52,inv-g-00461,JC-2602-0461
EST-0462,2026-02-17,5790.4,,
EST-0465,2026-02-17,2128.17,inv-g-00465,JC-2602-0465
EST-0466,2026-02-17,6131.05,inv-g-00466,JC-2602-0466
EST-0468,2026-02-17,3790.88,inv-g-00468,JC-2602-0468
EST-0469,2026-02-17,6219.75,inv-g-00469,JC-2602-0469
EST-0472,2026-02-18,2294.1,inv-g-00472,JC-2602-0472
EST-0475,2026-02-18,6051.82,inv-g-00475,JC-2602-0475
EST-0477,2026-02-18,8572.48,inv-g-00477,JC-2602-0477
EST-0479,2026-02-18,9295.75,inv-g-00479,JC-2602-0479
EST-0481,2026-02-19,3381.09,inv-g-00481,JC-2602-0481
EST-0482,2026-02-19,8088.01,inv-g-00482,JC-2602-0482
EST-0484,2026-02-19,8570.3,inv-g-00484,JC-2602-0484
EST-0487,2026-02-19,6421.18,inv-g-00487,JC-2602-0487
EST-0490,2026-02-20,8679.36,inv-g-00490,JC-2602-0490
EST-0492,2026-02-20,6028.57,inv-g-00492,JC-2602-0492
EST-0493,2026-02-20,6451.19,inv-g-00493,JC-2602-0493
EST-0494,2026-02-20,8282.34,inv-g-00494,JC-2602-0494
EST-0495,2026-02-20,9552.32,inv-g-00495,JC-2602-0495
EST-0498,2026-02-21,9856.63,inv-g-00498,JC-2602-0498
EST-0504,2026-02-21,10755.01,inv-g-00504,JC-2602-0504
EST-0507,2026-02-21,8521.3,,
EST-0508,2026-02-21,9363.75,inv-g-00508,JC-2602-0508
EST-0510,2026-02-21,5332.26,inv-g-00510,JC-2602-0510
EST-0511,2026-02-21,5107.14,,
EST-0512,2026-02-22,6570.35,inv-g-00512,JC-2602-0512
EST-0513,2026-02-22,5451.66,,
EST-0517,2026-02-22,2520.51,,
EST-0518,2026-02-22,11849.82,inv-g-00518,JC-2602-0518
EST-0523,2026-02-23,5799.32,inv-g-00523,JC-2602-0523
EST-0524,2026-02-23,9399.58,inv-g-00524,JC-2602-0524
EST-0525,2026-02-23,8359.09,inv-g-00525,JC-2602-0525
EST-0526,2026-02-23,9206.32,inv-g-00526,JC-2602-0526
EST-0530,2026-02-24,5304.95,,
EST-0531,2026-02-24,7541.6,inv-g-00531,JC-2602-0531
EST-0532,2026-02-24,8407.72,inv-g-00532,JC-2602-0532
EST-0534,2026-02-24,7231.8,inv-g-00534,JC-2602-0534
EST-0535,2026-02-24,3858.56,inv-g-00535,JC-2602-0535
EST-0536,2026-02-24,7873.85,inv-g-00536,JC-2602-0536
EST-0538,2026-02-24,7277.93,inv-g-00538,JC-2602-0538
EST-0539,2026-02-24,5755.35,,
EST-0540,2026-02-25,7724.09,inv-g-00540,JC-2602-0540
EST-0541,2026-02-25,3321.75,inv-g-00541,JC-2602-0541
EST-0545,2026-02-25,9597.85,,
EST-0546,2026-02-25,3472.98,inv-g-00546,JC-2602-0546
EST-0549,2026-02-25,4583.76,inv-g-00549,JC-2602-0549
EST-0552,2026-02-26,11364.76,inv-g-00552,JC-2602-0552
EST-0554,2026-02-26,9991.93,inv-g-00554,JC-2602-0554
EST-0555,2026-02-26,11697.88,,
EST-0556,2026-02-27,3221.65,inv-g-00556,JC-2602-0556
EST-0557,2026-02-27,7802.92,inv-g-00557,JC-2602-0557
EST-0558,2026-02-27,11621.04,inv-g-00558,JC-2602-0558
EST-0560,2026-02-27,7245.25,inv-g-00560,JC-2602-0560
EST-0561,2026-02-27,7942.87,inv-g-00561,JC-2602-0561
EST-0562,2026-02-27,4093.84,inv-g-00562,JC-2602-0562
EST-0563,2026-02-27,9676.61,inv-g-00563,JC-2602-0563
EST-0564,2026-02-28,11126.93,inv-g-00564,JC-2602-0564
EST-0565,2026-02-28,7801.41,inv-g-00565,JC-2602-0565
EST-0568,2026-02-28,8925.9,inv-g-00568,JC-2602-0568
EST-0569,2026-02-28,6704.78,inv-g-00569,JC-2602-0569
EST-0571,2026-02-28,8280.19,inv-g-00571,JC-2602-0571
EST-0572,2026-02-28,10383.81,inv-g-00572,JC-2602-0572
EST-0575,2026-02-28,3842.5,inv-g-00575,JC-2602-0575
EST-0576,2026-02-28,9966.97,inv-g-00576,JC-2602-0576
EST-0578,2026-03-01,8994.24,inv-g-00578,JC-2603-0578
EST-0579,2026-03-01,11504.02,inv-g-00579,JC-2603-0579
EST-0580,2026-03-01,2670.88,,
EST-0581,2026-03-01,5990.07,inv-g-00581,JC-2603-0581
EST-0583,2026-03-01,3882.04,inv-g-00583,JC-2603-0583
EST-0584,2026-03-01,10952.08,inv-g-00584,JC-2603-0584
EST-0590,2026-03-02,2386.74,inv-g-00590,JC-2603-0590
EST-0591,2026-03-02,10677.32,inv-g-00591,JC-2603-0591
EST-0594,2026-03-02,8390.07,inv-g-00594,JC-2603-0594
EST-0600,2026-03-03,7727.16,inv-g-00600,JC-2603-0600
EST-0603,2026-03-03,10384.18,inv-g-00603,JC-2603-0603
EST-0607,2026-03-04,6605.5,,
EST-0608,2026-03-04,8694.55,,
EST-0611,2026-03-05,11436.89,inv-g-00611,JC-2603-0611
EST-0613,2026-03-05,8193.44,inv-g-00613,JC-2603-0613
EST-0614,2026-03-05,5224.1,inv-g-00614,JC-2603-0614
EST-0615,2026-03-05,2932.46,inv-g-00615,JC-2603-0615
EST-0619,2026-03-05,7820.65,inv-g-00619,JC-2603-0619
EST-0621,2026-03-05,6265.11,inv-g-00621,JC-2603-0621
EST-0623,2026-03-06,11244.81,inv-g-00623,JC-2603-0623
EST-0625,2026-03-06,11760.69,inv-g-00625,JC-2603-0625
EST-0628,2026-03-06,9336.22,inv-g-00628,JC-2603-0628
EST-0629,2026-03-06,5817.99,inv-g-00629,JC-2603-0629
EST-0631,2026-03-07,7615.01,inv-g-00631,JC-2603-0631
EST-0633,2026-03-07,3162.37,inv-g-00633,JC-2603-0633
EST-0635,2026-03-07,7642.16,inv-g-00635,JC-2603-0635
EST-0639,2026-03-08,10533.86,inv-g-00639,JC-2603-0639
EST-0642,2026-03-08,2278.35,inv-g-00642,JC-2603-0642
EST-0643,2026-03-08,6242.3,inv-g-00643,JC-2603-0643
EST-0644,2026-03-08,5803.63,inv-g-00644,JC-2603-0644
EST-0646,2026-03-08,9844.8,inv-g-00646,JC-2603-0646
EST-0648,2026-03-08,5546.39,inv-g-00648,JC-2603-0648
EST-0651,2026-03-09,8450.26,inv-g-00651,JC-2603-0651
EST-0652,2026-03-09,11952.0,inv-g-00652,JC-2603-0652
EST-0653,2026-03-09,7989.26,inv-g-00653,JC-2603-0653
EST-0655,2026-03-09,4277.6,inv-g-00655,JC-2603-0655
EST-0660,2026-03-10,5910.13,inv-g-00660,JC-2603-0660
EST-0669,2026-03-11,7641.95,,
EST-0670,2026-03-11,6218.99,inv-g-00670,JC-2603-0670
EST-0671,2026-03-11,9177.61,,
EST-0672,2026-03-11,7747.27,,
EST-0680,2026-03-12,9034.07,inv-g-00680,JC-2603-0680
EST-0681,2026-03-12,4333.39,inv-g-00681,JC-2603-0681
EST-0685,2026-03-12,3748.13,inv-g-00685,JC-2603-0685
EST-0686,2026-03-13,11318.12,inv-g-00686,JC-2603-0686
EST-0689,2026-03-13,7656.1,inv-g-00689,JC-2603-0689
EST-0691,2026-03-13,5785.53,inv-g-00691,JC-2603-0691
EST-0692,2026-03-13,7501.86,inv-g-00692,JC-2603-0692
EST-0693,2026-03-13,2914.23,inv-g-00693,JC-2603-0693
EST-0699,2026-03-14,8402.55,inv-g-00699,JC-2603-0699
EST-0700,2026-03-14,10289.63,inv-g-00700,JC-2603-0700
EST-0701,2026-03-14,8401.6,inv-g-00701,JC-2603-0701
EST-0706,2026-03-15,6072.69,inv-g-00706,JC-2603-0706
EST-0707,2026-03-15,8784.22,inv-g-00707,JC-2603-0707
EST-0711,2026-03-15,9747.04,inv-g-00711,JC-2603-0711
EST-0712,2026-03-15,8619.14,inv-g-00712,JC-2603-0712
EST-0714,2026-03-15,8613.48,inv-g-00714,JC-2603-0714
EST-0715,2026-03-15,3421.76,inv-g-00715,JC-2603-0715
EST-0716,2026-03-15,2090.65,inv-g-00716,JC-2603-0716
EST-0717,2026-03-16,6072.77,inv-g-00717,JC-2603-0717
EST-0722,2026-03-16,10962.91,inv-g-00722,JC-2603-0722
EST-0725,2026-03-16,9670.61,inv-g-00725,JC-2603-0725
EST-0726,2026-03-16,3685.25,inv-g-00726,JC-2603-0726
EST-0728,2026-03-17,8157.0,inv-g-00728,JC-2603-0728
EST-0732,2026-03-17,5329.92,inv-g-00732,JC-2603-0732
EST-0734,2026-03-17,2219.59,inv-g-00734,JC-2603-0734
EST-0739,2026-03-18,3147.56,inv-g-00739,JC-2603-0739
EST-0740,2026-03-18,10235.3,inv-g-00740,JC-2603-0740
EST-0743,2026-03-18,9006.44,inv-g-00743,JC-2603-0743
EST-0744,2026-03-18,9155.67,inv-g-00744,JC-2603-0744
EST-0745,2026-03-18,11918.57,inv-g-00745,JC-2603-0745
EST-0746,2026-03-18,6169.54,inv-g-00746,JC-2603-0746
EST-0747,2026-03-18,9007.83,inv-g-00747,JC-2603-0747
EST-0751,2026-03-19,7034.09,inv-g-00751,JC-2603-0751
EST-0752,2026-03-19,2499.66,inv-g-00752,JC-2603-0752
EST-0753,2026-03-19,9625.14,inv-g-00753,JC-2603-0753
EST-0754,2026-03-19,4767.55,inv-g-00754,JC-2603-0754
EST-0755,2026-03-19,4510.7,inv-g-00755,JC-2603-0755
EST-0758,2026-03-19,10700.28,inv-g-00758,JC-2603-0758
EST-0759,2026-03-19,10896.33,inv-g-00759,JC-2603-0759
EST-0760,2026-03-19,7839.2,inv-g-00760,JC-2603-0760
EST-0764,2026-03-20,8058.09,inv-g-00764,JC-2603-0764
EST-0766,2026-03-20,9334.3,inv-g-00766,JC-2603-0766
EST-0767,2026-03-20,10181.5,inv-g-00767,JC-2603-0767
EST-0768,2026-03-20,4197.38,inv-g-00768,JC-2603-0768
EST-0769,2026-03-21,7714.91,inv-g-00769,JC-2603-0769
EST-0772,2026-03-21,5085.67,inv-g-00772,JC-2603-0772
EST-0773,2026-03-21,2640.88,inv-g-00773,JC-2603-0773
EST-0777,2026-03-21,8410.12,inv-g-00777,JC-2603-0777
EST-0779,2026-03-22,2651.01,inv-g-00779,JC-2603-0779
EST-0781,2026-03-22,3282.27,,
EST-0783,2026-03-22,8743.15,inv-g-00783,JC-2603-0783
EST-0784,2026-03-22,3286.09,inv-g-00784,JC-2603-0784
EST-0785,2026-03-22,9838.47,,
EST-0791,2026-03-22,3556.6,inv-g-00791,JC-2603-0791
EST-0792,2026-03-23,8866.03,inv-g-00792,JC-2603-0792
EST-0793,2026-03-23,3675.03,inv-g-00793,JC-2603-0793
EST-0794,2026-03-23,3181.78,,
EST-0797,2026-03-23,10480.09,inv-g-00797,JC-2603-0797
EST-0799,2026-03-23,5904.66,inv-g-00799,JC-2603-0799
EST-0800,2026-03-23,4484.58,inv-g-00800,JC-2603-0800
EST-0804,2026-03-24,8366.75,inv-g-00804,JC-2603-0804
EST-0805,2026-03-24,6217.23,inv-g-00805,JC-2603-0805
EST-0808,2026-03-25,9631.45,inv-g-00808,JC-2603-0808
EST-0809,2026-03-25,9796.07,inv-g-00809,JC-2603-0809
EST-0811,2026-03-25,8292.93,inv-g-00811,JC-2603-0811
EST-0814,2026-03-25,5494.07,inv-g-00814,JC-2603-0814
EST-0816,2026-03-26,7651.58,inv-g-00816,JC-2603-0816
EST-0821,2026-03-26,9142.58,inv-g-00821,JC-2603-0821
EST-0822,2026-03-26,10748.46,inv-g-00822,JC-2603-0822
EST-0823,2026-03-26,9242.47,inv-g-00823,JC-2603-0823
EST-0827,2026-03-27,10555.74,inv-g-00827,JC-2603-0827
EST-0830,2026-03-27,5629.12,inv-g-00830,JC-2603-0830
EST-0836,2026-03-27,3314.42,inv-g-00836,JC-2603-0836
EST-0837,2026-03-27,10965.25,inv-g-00837,JC-2603-0837
EST-0841,2026-03-28,11635.52,inv-g-00841,JC-2603-0841
EST-0842,2026-03-28,7885.78,inv-g-00842,JC-2603-0842
EST-0843,2026-03-28,10537.78,inv-g-00843,JC-2603-0843
EST-0844,2026-03-28,10065.06,inv-g-00844,JC-2603-0844
EST-0847,2026-03-28,5714.04,inv-g-00847,JC-2603-0847
EST-0848,2026-03-29,6241.5,,
EST-0850,2026-03-29,8525.07,inv-g-00850,JC-2603-0850
EST-0851,2026-03-29,6460.63,inv-g-00851,JC-2603-0851
EST-0852,2026-03-29,10205.76,inv-g-00852,JC-2603-0852
EST-0853,2026-03-29,8124.62,inv-g-00853,JC-2603-0853
EST-0859,2026-03-29,4290.88,inv-g-00859,JC-2603-0859
EST-0861,2026-03-29,3420.89,inv-g-00861,JC-2603-0861
EST-0865,2026-03-30,6863.84,inv-g-00865,JC-2603-0865
EST-0867,2026-03-30,5306.99,inv-g-00867,JC-2603-0867
EST-0870,2026-03-31,10810.24,inv-g-00870,JC-2603-0870
EST-0875,2026-03-31,11570.49,inv-g-00875,JC-2603-0875
EST-0878,2026-03-31,2540.52,inv-g-00878,JC-2603-0878
EST-0881,2026-03-31,6991.74,inv-g-00881,JC-2603-0881
EST-0883,2026-04-01,10296.4,inv-g-00883,JC-2604-0883
EST-0884,2026-04-01,3909.99,inv-g-00884,JC-2604-0884
EST-0885,2026-04-01,9233.84,inv-g-00885,JC-2604-0885
EST-0886,2026-04-01,9240.57,inv-g-00886,JC-2604-0886
EST-0887,2026-04-01,11478.67,inv-g-00887,JC-2604-0887
EST-0889,2026-04-01,7120.1,inv-g-00889,JC-2604-0889
EST-0891,2026-04-01,5167.5,inv-g-00891,JC-2604-0891
EST-0894,2026-04-02,8985.61,,
EST-0895,2026-04-02,2859.06,inv-g-00895,JC-2604-0895
EST-0896,2026-04-02,3487.83,inv-g-00896,JC-2604-0896
EST-0897,2026-04-02,11848.93,inv-g-00897,JC-2604-0897
EST-0899,2026-04-02,2108.48,,
EST-0901,2026-04-02,10601.34,inv-g-00901,JC-2604-0901
EST-0903,2026-04-03,5173.08,inv-g-00903,JC-2604-0903
EST-0908,2026-04-03,9028.73,inv-g-00908,JC-2604-0908
EST-0909,2026-04-03,2137.84,inv-g-00909,JC-2604-0909
EST-0910,2026-04-03,7876.68,inv-g-00910,JC-2604-0910
EST-0911,2026-04-03,9085.68,inv-g-00911,JC-2604-0911
EST-0912,2026-04-03,7396.14,inv-g-00912,JC-2604-0912
EST-0914,2026-04-04,4542.31,inv-g-00914,JC-2604-0914
EST-0916,2026-04-04,7433.07,inv-g-00916,JC-2604-0916
EST-0918,2026-04-04,9742.04,,
EST-0919,2026-04-04,5662.77,inv-g-00919,JC-2604-0919
EST-0920,2026-04-04,11515.47,inv-g-00920,JC-2604-0920
EST-0922,2026-04-04,9812.16,inv-g-00922,JC-2604-0922
EST-0924,2026-04-04,2667.44,inv-g-00924,JC-2604-0924
EST-0925,2026-04-04,9029.75,,
EST-0926,2026-04-04,8524.66,inv-g-00926,JC-2604-0926
EST-0928,2026-04-05,3885.57,inv-g-00928,JC-2604-0928
EST-0930,2026-04-05,11503.53,inv-g-00930,JC-2604-0930
EST-0931,2026-04-05,6635.37,inv-g-00931,JC-2604-0931
EST-0932,2026-04-05,7325.28,inv-g-00932,JC-2604-0932
EST-0933,2026-04-05,11932.92,inv-g-00933,JC-2604-0933
EST-0936,2026-04-05,4146.62,inv-g-00936,JC-2604-0936
EST-0938,2026-04-06,5402.39,inv-g-00938,JC-2604-0938
EST-0940,2026-04-06,5278.16,inv-g-00940,JC-2604-0940
EST-0945,2026-04-07,6695.95,inv-g-00945,JC-2604-0945
EST-0951,2026-04-08,8136.48,inv-g-00951,JC-2604-0951
EST-0954,2026-04-08,8965.25,inv-g-00954,JC-2604-0954
EST-0956,2026-04-08,10406.1,inv-g-00956,JC-2604-0956
EST-0958,2026-04-08,9893.11,inv-g-00958,JC-2604-0958
EST-0960,2026-04-09,2537.89,inv-g-00960,JC-2604-0960
EST-0961,2026-04-09,3144.01,,
EST-0963,2026-04-09,9927.4,inv-g-00963,JC-2604-0963
EST-0965,2026-04-09,2365.19,inv-g-00965,JC-2604-0965
EST-0967,2026-04-09,9041.95,inv-g-00967,JC-2604-0967
EST-0968,2026-04-10,4559.21,inv-g-00968,JC-2604-0968
EST-0976,2026-04-10,9015.8,inv-g-00976,JC-2604-0976
EST-0977,2026-04-11,5752.75,inv-g-00977,JC-2604-0977
EST-0978,2026-04-11,9893.76,inv-g-00978,JC-2604-0978
EST-0980,2026-04-11,7121.88,inv-g-00980,JC-2604-0980
EST-0982,2026-04-11,10051.76,,
EST-0983,2026-04-11,8648.47,inv-g-00983,JC-2604-0983
EST-0985,2026-04-11,11241.36,inv-g-00985,JC-2604-0985
EST-0986,2026-04-11,10931.46,inv-g-00986,JC-2604-0986
EST-0987,2026-04-12,8941.16,inv-g-00987,JC-2604-0987
EST-0988,2026-04-12,5810.63,inv-g-00988,JC-2604-0988
EST-0989,2026-04-12,7175.94,inv-g-00989,JC-2604-0989
EST-0990,2026-04-12,9054.48,inv-g-00990,JC-2604-0990
EST-0991,2026-04-12,9934.22,inv-g-00991,JC-2604-0991
EST-0993,2026-04-12,4808.04,inv-g-00993,JC-2604-0993
EST-0996,2026-04-12,7691.53,inv-g-00996,JC-2604-0996
EST-0997,2026-04-13,11817.54,inv-g-00997,JC-2604-0997
EST-1003,2026-04-13,6389.3,inv-g-01003,JC-2604-1003
EST-1004,2026-04-13,8630.26,inv-g-01004,JC-2604-1004
EST-1005,2026-04-13,3950.37,inv-g-01005,JC-2604-1005
EST-1006,2026-04-13,10170.52,inv-g-01006,JC-2604-1006
EST-1008,2026-04-14,2596.11,inv-g-01008,JC-2604-1008
EST-1010,2026-04-14,8511.44,inv-g-01010,JC-2604-1010
EST-1011,2026-04-14,9730.64,inv-g-01011,JC-2604-1011
EST-1012,2026-04-14,11982.16,,
EST-1015,2026-04-14,8623.04,inv-g-01015,JC-2604-1015
EST-1016,2026-04-14,3461.14,inv-g-01016,JC-2604-1016
EST-1018,2026-04-15,6681.26,inv-g-01018,JC-2604-1018
EST-1022,2026-04-15,3563.95,inv-g-01022,JC-2604-1022
EST-1023,2026-04-15,2434.15,inv-g-01023,JC-2604-1023
EST-1024,2026-04-15,6171.92,inv-g-01024,JC-2604-1024
EST-1026,2026-04-15,6452.74,,
EST-1027,2026-04-15,11701.44,inv-g-01027,JC-2604-1027
EST-1029,2026-04-16,9737.31,inv-g-01029,JC-2604-1029
EST-1030,2026-04-16,7099.84,inv-g-01030,JC-2604-1030
EST-1032,2026-04-16,4079.03,inv-g-01032,JC-2604-1032
EST-1034,2026-04-16,9896.57,inv-g-01034,JC-2604-1034
EST-1035,2026-04-16,6492.41,inv-g-01035,JC-2604-1035
EST-1040,2026-04-17,2555.36,inv-g-01040,JC-2604-1040
EST-1041,2026-04-17,7001.21,inv-g-01041,JC-2604-1041
EST-1043,2026-04-18,8019.25,inv-g-01043,JC-2604-1043
EST-1044,2026-04-18,2750.38,inv-g-01044,JC-2604-1044
EST-1045,2026-04-18,6958.0,inv-g-01045,JC-2604-1045
EST-1051,2026-04-18,9636.69,inv-g-01051,JC-2604-1051
EST-1053,2026-04-18,6667.7,inv-g-01053,JC-2604-1053
EST-1054,2026-04-18,4491.95,inv-g-01054,JC-2604-1054
EST-1055,2026-04-19,2809.79,,
EST-1057,2026-04-19,5224.95,inv-g-01057,JC-2604-1057
EST-1060,2026-04-19,11144.72,inv-g-01060,JC-2604-1060
EST-1062,2026-04-19,7829.79,inv-g-01062,JC-2604-1062
EST-1064,2026-04-19,6378.44,inv-g-01064,JC-2604-1064
EST-1065,2026-04-19,7054.01,,
EST-1068,2026-04-20,8000.93,inv-g-01068,JC-2604-1068
EST-1069,2026-04-20,2179.11,inv-g-01069,JC-2604-1069
EST-1070,2026-04-20,8719.69,inv-g-01070,JC-2604-1070
EST-1073,2026-04-20,9932.1,inv-g-01073,JC-2604-1073
EST-1076,2026-04-20,4548.97,inv-g-01076,JC-2604-1076
EST-1077,2026-04-20,2134.13,inv-g-01077,JC-2604-1077
EST-1081,2026-04-21,8586.37,inv-g-01081,JC-2604-1081
EST-1082,2026-04-21,7861.5,inv-g-01082,JC-2604-1082
EST-1084,2026-04-21,4245.61,inv-g-01084,JC-2604-1084
EST-1085,2026-04-21,10651.13,inv-g-01085,JC-2604-1085
EST-1086,2026-04-21,3040.05,inv-g-01086,JC-2604-1086
EST-1088,2026-04-21,2358.33,inv-g-01088,JC-2604-1088
EST-1090,2026-04-22,5209.95,inv-g-01090,JC-2604-1090
EST-1091,2026-04-22,6826.86,inv-g-01091,JC-2604-1091
EST-1092,2026-04-22,9113.04,inv-g-01092,JC-2604-1092
EST-1097,2026-04-22,3401.21,inv-g-01097,JC-2604-1097
EST-1098,2026-04-22,7768.15,inv-g-01098,JC-2604-1098
EST-1099,2026-04-23,10041.29,inv-g-01099,JC-2604-1099
EST-1103,2026-04-23,9679.45,inv-g-01103,JC-2604-1103
EST-1104,2026-04-23,10844.34,inv-g-01104,JC-2604-1104
EST-1105,2026-04-23,6546.04,inv-g-01105,JC-2604-1105
EST-1106,2026-04-23,2674.8,inv-g-01106,JC-2604-1106
EST-1107,2026-04-23,4421.51,inv-g-01107,JC-2604-1107
EST-1110,2026-04-24,7729.97,inv-g-01110,JC-2604-1110
EST-1113,2026-04-24,10876.12,,
EST-1117,2026-04-25,11725.36,inv-g-01117,JC-2604-1117
EST-1119,2026-04-25,8082.73,,
EST-1120,2026-04-25,6824.7,inv-g-01120,JC-2604-1120
EST-1122,2026-04-25,11378.03,inv-g-01122,JC-2604-1122
EST-1123,2026-04-25,7748.04,inv-g-01123,JC-2604-1123
EST-1124,2026-04-25,9650.59,inv-g-01124,JC-2604-1124
EST-1125,2026-04-25,9122.32,inv-g-01125,JC-2604-1125
EST-1129,2026-04-26,8019.14,inv-g-01129,JC-2604-1129
EST-1136,2026-04-26,3933.01,inv-g-01136,JC-2604-1136
EST-1137,2026-04-26,9626.51,inv-g-01137,JC-2604-1137
EST-1140,2026-04-27,9245.62,inv-g-01140,JC-2604-1140
EST-1141,2026-04-27,2786.97,inv-g-01141,JC-2604-1141
EST-1142,2026-04-27,9300.17,inv-g-01142,JC-2604-1142
EST-1145,2026-04-27,5686.38,inv-g-01145,JC-2604-1145
EST-1149,2026-04-28,2036.54,inv-g-01149,JC-2604-1149
EST-1150,2026-04-28,5422.09,inv-g-01150,JC-2604-1150
EST-1152,2026-04-28,8981.71,inv-g-01152,JC-2604-1152
EST-1153,2026-04-28,10733.21,inv-g-01153,JC-2604-1153
EST-1154,2026-04-28,9906.23,inv-g-01154,JC-2604-1154
EST-1156,2026-04-28,10636.09,,
EST-1157,2026-04-28,4194.6,inv-g-01157,JC-2604-1157
EST-1158,2026-04-29,4959.32,inv-g-01158,JC-2604-1158
EST-1166,2026-04-29,9459.03,inv-g-01166,JC-2604-1166
EST-1169,2026-04-30,10865.63,inv-g-01169,JC-2604-1169
EST-1176,2026-04-30,11968.96,inv-g-01176,JC-2604-1176
EST-1178,2026-04-30,5586.41,,
EST-1180,2026-05-01,9984.05,inv-g-01180,JC-2605-1180
EST-1181,2026-05-01,9610.52,inv-g-01181,JC-2605-1181
EST-1182,2026-05-01,8216.08,inv-g-01182,JC-2605-1182
EST-1183,2026-05-01,5303.84,inv-g-01183,JC-2605-1183
EST-1188,2026-05-02,4596.21,inv-g-01188,JC-2605-1188
EST-1189,2026-05-02,10291.62,inv-g-01189,JC-2605-1189
EST-1191,2026-05-02,6323.45,inv-g-01191,JC-2605-1191
EST-1193,2026-05-02,7115.37,inv-g-01193,JC-2605-1193
EST-1194,2026-05-02,9075.08,inv-g-01194,JC-2605-1194
EST-1195,2026-05-02,9997.75,inv-g-01195,JC-2605-1195
EST-1196,2026-05-02,3253.68,inv-g-01196,JC-2605-1196
EST-1197,2026-05-02,9049.9,inv-g-01197,JC-2605-1197
EST-1198,2026-05-02,10432.75,inv-g-01198,JC-2605-1198
EST-1201,2026-05-03,8060.17,inv-g-01201,JC-2605-1201
EST-1205,2026-05-03,7760.39,inv-g-01205,JC-2605-1205
EST-1206,2026-05-03,7433.52,inv-g-01206,JC-2605-1206
EST-1207,2026-05-03,3283.57,inv-g-01207,JC-2605-1207
EST-1211,2026-05-04,10383.92,inv-g-01211,JC-2605-1211
EST-1214,2026-05-04,6453.32,inv-g-01214,JC-2605-1214
EST-1215,2026-05-04,10991.71,inv-g-01215,JC-2605-1215
EST-1217,2026-05-04,9619.39,,
EST-1218,2026-05-04,11536.28,inv-g-01218,JC-2605-1218
EST-1219,2026-05-05,3079.26,inv-g-01219,JC-2605-1219
EST-1221,2026-05-05,3635.26,inv-g-01221,JC-2605-1221
EST-1223,2026-05-05,11985.88,inv-g-01223,JC-2605-1223
EST-1224,2026-05-05,5992.8,inv-g-01224,JC-2605-1224
EST-1226,2026-05-05,11584.98,inv-g-01226,JC-2605-1226
EST-1228,2026-05-06,9098.21,inv-g-01228,JC-2605-1228
EST-1230,2026-05-06,10350.19,inv-g-01230,JC-2605-1230
EST-1231,2026-05-06,11248.74,inv-g-01231,JC-2605-1231
EST-1232,2026-05-06,5287.1,inv-g-01232,JC-2605-1232
EST-1233,2026-05-06,7062.51,inv-g-01233,JC-2605-1233
EST-1236,2026-05-06,7694.36,,
EST-1237,2026-05-06,10875.05,inv-g-01237,JC-2605-1237
EST-1238,2026-05-07,10924.79,inv-g-01238,JC-2605-1238
EST-1240,2026-05-07,3458.0,,
EST-1241,2026-05-07,4786.51,inv-g-01241,JC-2605-1241
EST-1245,2026-05-07,5899.94,inv-g-01245,JC-2605-1245
EST-1246,2026-05-07,2022.19,inv-g-01246,JC-2605-1246
EST-1248,2026-05-07,4504.1,inv-g-01248,JC-2605-1248
EST-1249,2026-05-08,8387.74,inv-g-01249,JC-2605-1249
EST-1250,2026-05-08,9603.93,inv-g-01250,JC-2605-1250
EST-1251,2026-05-08,6918.28,inv-g-01251,JC-2605-1251
EST-1252,2026-05-08,6046.6,inv-g-01252,JC-2605-1252
EST-1253,2026-05-08,4433.37,inv-g-01253,JC-2605-1253
EST-1254,2026-05-08,11353.24,inv-g-01254,JC-2605-1254
EST-1257,2026-05-08,5918.51,inv-g-01257,JC-2605-1257
EST-1259,2026-05-09,8024.77,inv-g-01259,JC-2605-1259
EST-1260,2026-05-09,4629.28,inv-g-01260,JC-2605-1260
EST-1261,2026-05-09,2474.4,inv-g-01261,JC-2605-1261
EST-1262,2026-05-09,10012.82,inv-g-01262,JC-2605-1262
EST-1265,2026-05-09,7706.66,inv-g-01265,JC-2605-1265
EST-1266,2026-05-09,6529.42,inv-g-01266,JC-2605-1266
EST-1273,2026-05-10,6658.89,inv-g-01273,JC-2605-1273
EST-1276,2026-05-10,11297.48,inv-g-01276,JC-2605-1276
EST-1277,2026-05-10,6155.0,inv-g-01277,JC-2605-1277
EST-1279,2026-05-10,3884.29,,
EST-1282,2026-05-11,8294.35,inv-g-01282,JC-2605-1282
EST-1283,2026-05-11,10235.64,inv-g-01283,JC-2605-1283
EST-1284,2026-05-11,10213.77,inv-g-01284,JC-2605-1284
EST-1285,2026-05-11,10051.73,inv-g-01285,JC-2605-1285
EST-1286,2026-05-11,11494.23,inv-g-01286,JC-2605-1286
EST-1287,2026-05-11,4765.9,inv-g-01287,JC-2605-1287
EST-1288,2026-05-11,8243.36,inv-g-01288,JC-2605-1288
EST-1289,2026-05-11,8895.73,inv-g-01289,JC-2605-1289
EST-1292,2026-05-12,10319.2,inv-g-01292,JC-2605-1292
EST-1294,2026-05-12,7187.89,inv-g-01294,JC-2605-1294
EST-1295,2026-05-12,9735.6,inv-g-01295,JC-2605-1295
EST-1297,2026-05-12,10287.3,inv-g-01297,JC-2605-1297
EST-1298,2026-05-12,2033.48,inv-g-01298,JC-2605-1298
EST-1301,2026-05-13,3780.45,inv-g-01301,JC-2605-1301
EST-1302,2026-05-13,5276.64,inv-g-01302,JC-2605-1302
EST-1304,2026-05-13,6343.47,inv-g-01304,JC-2605-1304
EST-1305,2026-05-13,11924.74,inv-g-01305,JC-2605-1305
EST-1306,2026-05-13,5115.44,inv-g-01306,JC-2605-1306
EST-1308,2026-05-14,8037.94,inv-g-01308,JC-2605-1308
EST-1309,2026-05-14,4719.4,inv-g-01309,JC-2605-1309
EST-1310,2026-05-14,2412.25,inv-g-01310,JC-2605-1310
EST-1311,2026-05-14,2228.74,inv-g-01311,JC-2605-1311
EST-1312,2026-05-14,10837.14,,
EST-1313,2026-05-14,8637.09,,
EST-1316,2026-05-14,5795.92,inv-g-01316,JC-2605-1316
EST-1317,2026-05-14,8964.69,,
EST-1319,2026-05-15,10905.63,,
EST-1320,2026-05-15,10468.72,,
EST-1325,2026-05-15,2823.29,inv-g-01325,JC-2605-1325
EST-1328,2026-05-16,4579.84,inv-g-01328,JC-2605-1328
EST-1331,2026-05-16,11404.73,inv-g-01331,JC-2605-1331
EST-1332,2026-05-16,5691.1,inv-g-01332,JC-2605-1332
EST-1333,2026-05-16,4056.95,inv-g-01333,JC-2605-1333
EST-1337,2026-05-17,5142.17,inv-g-01337,JC-2605-1337
EST-1338,2026-05-17,9778.52,inv-g-01338,JC-2605-1338
EST-1340,2026-05-17,8446.56,inv-g-01340,JC-2605-1340
EST-1345,2026-05-18,3211.18,inv-g-01345,JC-2605-1345
EST-1348,2026-05-18,10050.52,inv-g-01348,JC-2605-1348
EST-1350,2026-05-19,7748.85,inv-g-01350,JC-2605-1350
EST-1354,2026-05-19,7811.74,inv-g-01354,JC-2605-1354
EST-1357,2026-05-19,7864.75,inv-g-01357,JC-2605-1357
EST-1358,2026-05-19,10865.02,inv-g-01358,JC-2605-1358
EST-1360,2026-05-20,3647.04,inv-g-01360,JC-2605-1360
EST-1364,2026-05-20,10471.7,inv-g-01364,JC-2605-1364
EST-1369,2026-05-21,9020.1,inv-g-01369,JC-2605-1369
EST-1370,2026-05-21,4246.02,inv-g-01370,JC-2605-1370
EST-1373,2026-05-21,3023.99,inv-g-01373,JC-2605-1373
EST-1374,2026-05-21,7874.47,inv-g-01374,JC-2605-1374
EST-1376,2026-05-21,3945.33,inv-g-01376,JC-2605-1376
EST-1377,2026-05-22,3623.19,,
EST-1378,2026-05-22,3454.15,inv-g-01378,JC-2605-1378
EST-1379,2026-05-22,8036.61,inv-g-01379,JC-2605-1379
EST-1382,2026-05-22,10683.17,inv-g-01382,JC-2605-1382
EST-1383,2026-05-22,6474.32,inv-g-01383,JC-2605-1383
EST-1384,2026-05-22,6694.79,inv-g-01384,JC-2605-1384
EST-1385,2026-05-22,7557.47,inv-g-01385,JC-2605-1385
EST-1387,2026-05-22,9092.84,inv-g-01387,JC-2605-1387
EST-1388,2026-05-23,3582.69,inv-g-01388,JC-2605-1388
EST-1390,2026-05-23,5378.55,inv-g-01390,JC-2605-1390
EST-1391,2026-05-23,5091.09,inv-g-01391,JC-2605-1391
EST-1393,2026-05-23,9235.38,inv-g-01393,JC-2605-1393
EST-1396,2026-05-23,10999.69,inv-g-01396,JC-2605-1396
EST-1397,2026-05-23,5783.33,inv-g-01397,JC-2605-1397
EST-1402,2026-05-24,8017.75,inv-g-01402,JC-2605-1402
EST-1403,2026-05-24,11528.73,inv-g-01403,JC-2605-1403
EST-1404,2026-05-24,8285.42,inv-g-01404,JC-2605-1404
EST-1405,2026-05-24,9086.56,inv-g-01405,JC-2605-1405
EST-1407,2026-05-24,6125.44,inv-g-01407,JC-2605-1407
EST-1408,2026-05-24,10462.24,inv-g-01408,JC-2605-1408
EST-1410,2026-05-24,3311.8,inv-g-01410,JC-2605-1410
EST-1412,2026-05-24,7486.82,inv-g-01412,JC-2605-1412
EST-1413,2026-05-25,7283.61,inv-g-01413,JC-2605-1413
EST-1414,2026-05-25,9924.69,inv-g-01414,JC-2605-1414
EST-1415,2026-05-25,7774.78,inv-g-01415,JC-2605-1415
EST-1416,2026-05-25,6772.59,,
EST-1422,2026-05-26,9900.59,inv-g-01422,JC-2605-1422
EST-1423,2026-05-26,4170.69,inv-g-01423,JC-2605-1423
EST-1424,2026-05-26,4023.21,inv-g-01424,JC-2605-1424
EST-1425,2026-05-26,7186.34,inv-g-01425,JC-2605-1425
EST-1434,2026-05-27,2707.39,inv-g-01434,JC-2605-1434
EST-1435,2026-05-27,5589.02,inv-g-01435,JC-2605-1435
EST-1436,2026-05-27,4419.56,inv-g-01436,JC-2605-1436
EST-1437,2026-05-27,9025.28,inv-g-01437,JC-2605-1437
EST-1440,2026-05-28,5181.6,inv-g-01440,JC-2605-1440
EST-1441,2026-05-28,11085.09,inv-g-01441,JC-2605-1441
EST-1443,2026-05-28,3829.13,inv-g-01443,JC-2605-1443
EST-1445,2026-05-28,2521.29,inv-g-01445,JC-2605-1445
EST-1446,2026-05-28,2899.4,inv-g-01446,JC-2605-1446
EST-1448,2026-05-28,7356.84,inv-g-01448,JC-2605-1448
EST-1450,2026-05-28,3319.8,inv-g-01450,JC-2605-1450
EST-1454,2026-05-29,5707.21,inv-g-01454,JC-2605-1454
EST-1455,2026-05-29,3130.62,inv-g-01455,JC-2605-1455
EST-1457,2026-05-29,5764.27,inv-g-01457,JC-2605-1457
EST-1460,2026-05-29,4700.67,inv-g-01460,JC-2605-1460
EST-1463,2026-05-30,4270.22,inv-g-01463,JC-2605-1463
EST-1465,2026-05-30,5072.44,inv-g-01465,JC-2605-1465
EST-1466,2026-05-30,4725.64,inv-g-01466,JC-2605-1466
EST-1467,2026-05-30,3917.27,inv-g-01467,JC-2605-1467
EST-1468,2026-05-30,3775.61,inv-g-01468,JC-2605-1468
EST-1469,2026-05-30,9273.59,inv-g-01469,JC-2605-1469
EST-1473,2026-05-30,11477.0,inv-g-01473,JC-2605-1473
EST-1474,2026-05-30,9507.72,inv-g-01474,JC-2605-1474
EST-1475,2026-05-31,2656.53,inv-g-01475,JC-2605-1475
EST-1476,2026-05-31,7354.55,inv-g-01476,JC-2605-1476
EST-1481,2026-05-31,10445.56,,
EST-1487,2026-05-31,10658.4,inv-g-01487,JC-2605-1487
EST-1491,2026-06-01,2750.72,inv-g-01491,JC-2606-1491
EST-1492,2026-06-01,8845.56,inv-g-01492,JC-2606-1492
EST-1493,2026-06-01,7555.17,inv-g-01493,JC-2606-1493
EST-1499,2026-06-02,9021.68,inv-g-01499,JC-2606-1499
EST-1506,2026-06-03,11631.21,inv-g-01506,JC-2606-1506
EST-1508,2026-06-03,3344.28,inv-g-01508,JC-2606-1508
EST-1509,2026-06-03,11761.86,inv-g-01509,JC-2606-1509
EST-1510,2026-06-04,4131.05,inv-g-01510,JC-2606-1510
EST-1514,2026-06-04,3249.83,inv-g-01514,JC-2606-1514
EST-1516,2026-06-04,4112.19,inv-g-01516,JC-2606-1516
EST-1521,2026-06-04,10596.0,inv-g-01521,JC-2606-1521
EST-1522,2026-06-05,4640.87,inv-g-01522,JC-2606-1522
EST-1523,2026-06-05,10811.6,inv-g-01523,JC-2606-1523
EST-1525,2026-06-05,5666.08,inv-g-01525,JC-2606-1525
EST-1528,2026-06-05,3385.04,inv-g-01528,JC-2606-1528
EST-1530,2026-06-05,4939.39,,
EST-1531,2026-06-06,3784.66,inv-g-01531,JC-2606-1531
EST-1532,2026-06-06,5503.15,inv-g-01532,JC-2606-1532
EST-1533,2026-06-06,7951.18,inv-g-01533,JC-2606-1533
EST-1534,2026-06-06,4604.42,,
EST-1535,2026-06-06,8496.23,inv-g-01535,JC-2606-1535
EST-1537,2026-06-06,11843.59,inv-g-01537,JC-2606-1537
EST-1538,2026-06-06,6078.88,inv-g-01538,JC-2606-1538
EST-1539,2026-06-06,8394.61,inv-g-01539,JC-2606-1539
EST-1543,2026-06-07,10423.69,inv-g-01543,JC-2606-1543
EST-1545,2026-06-07,4245.75,inv-g-01545,JC-2606-1545
EST-1546,2026-06-07,11487.52,inv-g-01546,JC-2606-1546
EST-1548,2026-06-07,3284.59,inv-g-01548,JC-2606-1548
EST-1552,2026-06-08,10257.63,inv-g-01552,JC-2606-1552
EST-1553,2026-06-08,7919.0,inv-g-01553,JC-2606-1553
EST-1555,2026-06-08,8083.15,inv-g-01555,JC-2606-1555
EST-1560,2026-06-09,6242.85,inv-g-01560,JC-2606-1560
EST-1562,2026-06-09,3610.12,inv-g-01562,JC-2606-1562
EST-1563,2026-06-09,7174.7,inv-g-01563,JC-2606-1563
EST-1565,2026-06-09,10934.49,inv-g-01565,JC-2606-1565
EST-1569,2026-06-10,10666.63,,
EST-1571,2026-06-10,3004.73,inv-g-01571,JC-2606-1571
EST-1573,2026-06-10,8573.12,inv-g-01573,JC-2606-1573
EST-1575,2026-06-11,6289.22,inv-g-01575,JC-2606-1575
EST-1576,2026-06-11,4188.41,inv-g-01576,JC-2606-1576
EST-1579,2026-06-11,5423.99,inv-g-01579,JC-2606-1579
EST-1580,2026-06-11,6479.52,inv-g-01580,JC-2606-1580
EST-1582,2026-06-11,2540.34,inv-g-01582,JC-2606-1582
EST-1584,2026-06-12,11293.49,inv-g-01584,JC-2606-1584
EST-1585,2026-06-12,6643.79,inv-g-01585,JC-2606-1585
EST-1587,2026-06-12,3710.97,inv-g-01587,JC-2606-1587
EST-1590,2026-06-13,3948.3,inv-g-01590,JC-2606-1590
EST-1593,2026-06-13,8850.35,inv-g-01593,JC-2606-1593
EST-1595,2026-06-13,10604.19,inv-g-01595,JC-2606-1595
EST-1596,2026-06-13,4584.62,inv-g-01596,JC-2606-1596
EST-1599,2026-06-14,4986.65,inv-g-01599,JC-2606-1599
EST-1603,2026-06-14,4897.36,,
EST-1604,2026-06-14,11405.62,inv-g-01604,JC-2606-1604
EST-1605,2026-06-14,11469.61,inv-g-01605,JC-2606-1605
EST-1608,2026-06-14,9899.28,inv-g-01608,JC-2606-1608
EST-1613,2026-06-15,8214.64,inv-g-01613,JC-2606-1613
EST-1614,2026-06-15,3566.03,inv-g-01614,JC-2606-1614
EST-1615,2026-06-15,11958.25,inv-g-01615,JC-2606-1615
EST-1616,2026-06-15,9736.87,inv-g-01616,JC-2606-1616
EST-1617,2026-06-15,7206.0,inv-g-01617,JC-2606-1617
EST-1618,2026-06-15,10015.72,inv-g-01618,JC-2606-1618
EST-1619,2026-06-15,6096.37,inv-g-01619,JC-2606-1619
EST-1623,2026-06-15,7264.45,inv-g-01623,JC-2606-1623
EST-1624,2026-06-16,10428.3,inv-g-01624,JC-2606-1624
EST-1625,2026-06-16,8535.55,inv-g-01625,JC-2606-1625
EST-1626,2026-06-16,6415.97,inv-g-01626,JC-2606-1626
EST-1627,2026-06-16,8058.62,inv-g-01627,JC-2606-1627
EST-1629,2026-06-16,11839.28,inv-g-01629,JC-2606-1629
EST-1630,2026-06-16,4208.22,inv-g-01630,JC-2606-1630
EST-1631,2026-06-16,11295.17,inv-g-01631,JC-2606-1631
EST-1632,2026-06-16,6762.38,inv-g-01632,JC-2606-1632
EST-1637,2026-06-17,11642.96,inv-g-01637,JC-2606-1637
EST-1639,2026-06-17,3948.08,inv-g-01639,JC-2606-1639
EST-1640,2026-06-17,8466.85,inv-g-01640,JC-2606-1640
EST-1641,2026-06-17,3735.03,inv-g-01641,JC-2606-1641
EST-1642,2026-06-17,6712.06,inv-g-01642,JC-2606-1642
EST-1644,2026-06-17,6694.94,inv-g-01644,JC-2606-1644
EST-1645,2026-06-18,5179.88,inv-g-01645,JC-2606-1645
EST-1646,2026-06-18,2799.59,inv-g-01646,JC-2606-1646
EST-1649,2026-06-18,2001.65,inv-g-01649,JC-2606-1649
EST-1650,2026-06-18,7369.65,inv-g-01650,JC-2606-1650
EST-1651,2026-06-18,4409.14,inv-g-01651,JC-2606-1651
EST-1653,2026-06-19,10752.94,inv-g-01653,JC-2606-1653
EST-1654,2026-06-19,3652.2,inv-g-01654,JC-2606-1654
EST-1655,2026-06-19,6112.11,inv-g-01655,JC-2606-1655
EST-1658,2026-06-20,10586.24,inv-g-01658,JC-2606-1658
EST-1659,2026-06-20,11569.69,inv-g-01659,JC-2606-1659
EST-1660,2026-06-20,11031.48,inv-g-01660,JC-2606-1660
EST-1661,2026-06-20,7189.54,inv-g-01661,JC-2606-1661
EST-1662,2026-06-20,3441.98,inv-g-01662,JC-2606-1662
EST-1663,2026-06-20,7145.58,inv-g-01663,JC-2606-1663
EST-1665,2026-06-20,7563.85,inv-g-01665,JC-2606-1665
EST-1670,2026-06-21,5485.52,inv-g-01670,JC-2606-1670
EST-1674,2026-06-21,3863.18,inv-g-01674,JC-2606-1674
EST-1676,2026-06-21,4275.79,inv-g-01676,JC-2606-1676
EST-1677,2026-06-22,4290.71,inv-g-01677,JC-2606-1677
EST-1679,2026-06-22,6794.68,inv-g-01679,JC-2606-1679
EST-1683,2026-06-22,3886.87,,
EST-1685,2026-06-23,3933.86,,
EST-1688,2026-06-23,4084.22,inv-g-01688,JC-2606-1688
EST-1691,2026-06-23,8726.27,inv-g-01691,JC-2606-1691
EST-1692,2026-06-24,8252.91,inv-g-01692,JC-2606-1692
EST-1696,2026-06-24,11967.43,inv-g-01696,JC-2606-1696
EST-1698,2026-06-24,6950.64,,
EST-1699,2026-06-24,11899.95,inv-g-01699,JC-2606-1699
EST-1700,2026-06-24,6635.12,inv-g-01700,JC-2606-1700
EST-1701,2026-06-25,10640.88,inv-g-01701,JC-2606-1701
EST-1704,2026-06-25,2034.88,inv-g-01704,JC-2606-1704
EST-1705,2026-06-25,5781.51,,
EST-1707,2026-06-25,2983.19,inv-g-01707,JC-2606-1707
EST-1711,2026-06-25,5501.08,inv-g-01711,JC-2606-1711
EST-1715,2026-06-26,3579.75,inv-g-01715,JC-2606-1715
EST-1716,2026-06-26,9498.21,inv-g-01716,JC-2606-1716
EST-1717,2026-06-26,11267.48,inv-g-01717,JC-2606-1717
EST-1718,2026-06-26,4517.58,inv-g-01718,JC-2606-1718
EST-1719,2026-06-26,6730.61,inv-g-01719,JC-2606-1719
EST-1720,2026-06-26,8937.94,,
EST-1722,2026-06-27,6271.4,inv-g-01722,JC-2606-1722
EST-1723,2026-06-27,11036.93,inv-g-01723,JC-2606-1723
EST-1725,2026-06-27,7492.03,inv-g-01725,JC-2606-1725
EST-1726,2026-06-27,2758.54,inv-g-01726,JC-2606-1726
EST-1727,2026-06-27,5165.76,inv-g-01727,JC-2606-1727
EST-1729,2026-06-27,9310.17,inv-g-01729,JC-2606-1729
EST-1730,2026-06-27,6537.48,inv-g-01730,JC-2606-1730
EST-1732,2026-06-28,4599.47,inv-g-01732,JC-2606-1732
EST-1733,2026-06-28,4433.57,inv-g-01733,JC-2606-1733
EST-1735,2026-06-28,4846.61,inv-g-01735,JC-2606-1735
EST-1737,2026-06-28,7305.33,inv-g-01737,JC-2606-1737
EST-1740,2026-06-28,6991.29,inv-g-01740,JC-2606-1740
EST-1744,2026-06-28,11703.75,inv-g-01744,JC-2606-1744
EST-1745,2026-06-28,4783.51,inv-g-01745,JC-2606-1745
EST-1747,2026-06-29,10857.33,inv-g-01747,JC-2606-1747
EST-1749,2026-06-29,11191.42,inv-g-01749,JC-2606-1749
EST-1751,2026-06-29,6820.48,inv-g-01751,JC-2606-1751
EST-1755,2026-06-29,4762.51,inv-g-01755,JC-2606-1755
EST-1757,2026-06-29,4803.16,inv-g-01757,JC-2606-1757
EST-1758,2026-06-30,5536.9,inv-g-01758,JC-2606-1758
EST-1759,2026-06-30,7638.35,inv-g-01759,JC-2606-1759
EST-1764,2026-06-30,3416.29,inv-g-01764,JC-2606-1764
EST-1765,2026-06-30,8054.78,inv-g-01765,JC-2606-1765
EST-1766,2026-06-30,7671.78,inv-g-01766,JC-2606-1766
